-- phpMyAdmin SQL Dump
-- version 4.7.7
-- https://www.phpmyadmin.net/
--
-- Хост: 127.0.0.1:3306
-- Время создания: Июл 09 2018 г., 11:44
-- Версия сервера: 5.5.58-log
-- Версия PHP: 7.2.0

SET SQL_MODE = "NO_AUTO_VALUE_ON_ZERO";
SET AUTOCOMMIT = 0;
START TRANSACTION;
SET time_zone = "+00:00";


/*!40101 SET @OLD_CHARACTER_SET_CLIENT=@@CHARACTER_SET_CLIENT */;
/*!40101 SET @OLD_CHARACTER_SET_RESULTS=@@CHARACTER_SET_RESULTS */;
/*!40101 SET @OLD_COLLATION_CONNECTION=@@COLLATION_CONNECTION */;
/*!40101 SET NAMES utf8mb4 */;

--
-- База данных: `helpdesk`
--

-- --------------------------------------------------------

--
-- Структура таблицы `comments`
--

CREATE TABLE `comments` (
  `id` int(10) UNSIGNED NOT NULL,
  `ticket_id` int(10) UNSIGNED NOT NULL,
  `user_id` int(10) UNSIGNED DEFAULT NULL,
  `new_status` tinyint(4) NOT NULL,
  `private` tinyint(1) NOT NULL DEFAULT '0',
  `body` text COLLATE utf8mb4_unicode_ci NOT NULL,
  `created_at` timestamp NULL DEFAULT NULL,
  `updated_at` timestamp NULL DEFAULT NULL
) ENGINE=InnoDB DEFAULT CHARSET=utf8mb4 COLLATE=utf8mb4_unicode_ci;

--
-- Дамп данных таблицы `comments`
--

INSERT INTO `comments` (`id`, `ticket_id`, `user_id`, `new_status`, `private`, `body`, `created_at`, `updated_at`) VALUES
(1, 10, 7, 1, 1, 'Чё каво', '2018-06-18 11:17:40', '2018-06-18 11:17:40'),
(2, 10, 7, 1, 0, 'Катя всё норм', '2018-06-18 11:18:32', '2018-06-18 11:18:32'),
(3, 10, 7, 1, 1, 'Объединена с #3', '2018-06-18 11:26:57', '2018-06-18 11:26:57'),
(4, 9, 7, 1, 1, 'Объединена с #3', '2018-06-18 11:26:57', '2018-06-18 11:26:57'),
(5, 12, NULL, 1, 0, 'А', '2018-06-24 04:43:15', '2018-06-24 04:43:15'),
(6, 12, NULL, 1, 0, 'ф', '2018-06-24 04:44:17', '2018-06-24 04:44:17'),
(7, 1, NULL, 1, 0, 'ы', '2018-06-24 10:33:27', '2018-06-24 10:33:27'),
(8, 1, NULL, 4, 0, 'Гуд', '2018-06-24 10:34:16', '2018-06-24 10:34:16'),
(9, 18, 8, 1, 1, 'v', '2018-06-27 01:27:42', '2018-06-27 01:27:42'),
(10, 20, 7, 1, 0, 'k', '2018-06-27 03:20:22', '2018-06-27 03:20:22'),
(11, 20, 7, 1, 0, 'c', '2018-06-27 03:47:45', '2018-06-27 03:47:45'),
(12, 21, 8, 1, 0, 'ddd', '2018-06-27 07:50:58', '2018-06-27 07:50:58'),
(13, 26, NULL, 1, 0, 'арр', '2018-06-28 06:18:07', '2018-06-28 06:18:07'),
(14, 25, 7, 3, 1, 'а', '2018-06-28 06:42:49', '2018-06-28 06:42:49'),
(15, 25, 7, 3, 0, 'ф', '2018-06-28 06:42:54', '2018-06-28 06:42:54'),
(16, 25, 7, 3, 0, 'в', '2018-06-30 01:13:49', '2018-06-30 01:13:49'),
(17, 25, 7, 3, 0, 'а', '2018-06-30 01:13:59', '2018-06-30 01:13:59'),
(18, 25, 7, 3, 0, 'нов', '2018-06-30 01:14:11', '2018-06-30 01:14:11'),
(19, 25, 7, 3, 1, 'а', '2018-06-30 01:14:52', '2018-06-30 01:14:52'),
(20, 25, 7, 3, 1, 'ы', '2018-06-30 01:15:06', '2018-06-30 01:15:06'),
(21, 21, 8, 1, 1, 'ы', '2018-06-30 01:16:02', '2018-06-30 01:16:02'),
(22, 21, 8, 1, 1, 'ссс', '2018-06-30 01:17:31', '2018-06-30 01:17:31'),
(23, 21, 8, 1, 1, 'ы', '2018-06-30 01:17:36', '2018-06-30 01:17:36'),
(24, 21, 8, 1, 0, 'ы', '2018-06-30 01:17:45', '2018-06-30 01:17:45'),
(25, 21, 8, 1, 1, 'вв', '2018-06-30 01:17:52', '2018-06-30 01:17:52'),
(26, 27, NULL, 1, 0, 'ввв', '2018-06-30 01:19:27', '2018-06-30 01:19:27'),
(27, 21, 8, 1, 0, 'ntcb', '2018-06-30 01:27:15', '2018-06-30 01:27:15'),
(28, 21, 8, 1, 1, 'ss', '2018-06-30 01:27:20', '2018-06-30 01:27:20'),
(29, 28, 7, 1, 1, 'd', '2018-06-30 01:28:34', '2018-06-30 01:28:34'),
(30, 28, 7, 1, 0, 'd', '2018-06-30 01:28:42', '2018-06-30 01:28:42'),
(31, 29, 7, 1, 0, 'zcyj', '2018-06-30 02:52:36', '2018-06-30 02:52:36'),
(32, 29, 8, 1, 1, 'ЭТО НЕ НАМ', '2018-06-30 02:53:03', '2018-06-30 02:53:03'),
(33, 33, NULL, 1, 0, 'Пожалуйста, выполните заявку сегодня!', '2018-07-01 10:12:31', '2018-07-01 10:12:31'),
(34, 33, 7, 1, 1, 'Давайте бегом', '2018-07-01 10:13:26', '2018-07-01 10:13:26'),
(35, 33, NULL, 2, 0, 'Спасибо', '2018-07-01 10:14:22', '2018-07-01 10:14:22'),
(36, 34, NULL, 1, 0, 'Решите сегодня', '2018-07-01 10:21:04', '2018-07-01 10:21:04'),
(37, 34, 8, 3, 0, 'Хорошо. Буду в час', '2018-07-01 10:22:30', '2018-07-01 10:22:30'),
(38, 34, 8, 3, 1, 'Приватная запись', '2018-07-01 10:23:03', '2018-07-01 10:23:03'),
(39, 35, 8, 1, 1, 'тест', '2018-07-01 11:40:55', '2018-07-01 11:40:55'),
(40, 35, 8, 4, 0, 'решено', '2018-07-01 11:41:05', '2018-07-01 11:41:05'),
(41, 36, 7, 1, 0, 'Выполни', '2018-07-01 23:24:29', '2018-07-01 23:24:29');

-- --------------------------------------------------------

--
-- Структура таблицы `kpis`
--

CREATE TABLE `kpis` (
  `date` date NOT NULL,
  `type` tinyint(4) NOT NULL,
  `kpi` tinyint(4) NOT NULL,
  `relation_id` int(10) UNSIGNED NOT NULL,
  `total` int(10) UNSIGNED NOT NULL DEFAULT '0',
  `count` int(10) UNSIGNED NOT NULL DEFAULT '0'
) ENGINE=InnoDB DEFAULT CHARSET=utf8mb4 COLLATE=utf8mb4_unicode_ci;

--
-- Дамп данных таблицы `kpis`
--

INSERT INTO `kpis` (`date`, `type`, `kpi`, `relation_id`, `total`, `count`) VALUES
('2018-04-20', 2, 2, 1, 8, 6),
('2018-04-20', 2, 4, 1, 6, 8),
('2018-04-20', 2, 2, 3, 40159, 1),
('2018-04-20', 2, 4, 3, 1, 1),
('2018-04-20', 3, 2, 1, 40159, 1),
('2018-04-20', 3, 4, 1, 3, 3),
('2018-04-20', 3, 2, 2, 3, 1),
('2018-04-20', 3, 4, 2, 1, 1),
('2018-05-19', 2, 4, 3, 2, 2),
('2018-05-19', 3, 4, 1, 2, 2),
('2018-05-21', 2, 4, 1, 2, 2),
('2018-06-02', 2, 1, 1, 1438, 1),
('2018-06-02', 2, 2, 1, 1405, 1),
('2018-06-02', 2, 3, 1, 0, 1),
('2018-06-02', 2, 4, 1, 6, 6),
('2018-06-02', 3, 4, 1, 5, 5),
('2018-06-09', 2, 1, 1, 41, 1),
('2018-06-09', 2, 2, 1, 41, 1),
('2018-06-09', 2, 3, 1, 0, 1),
('2018-06-09', 2, 4, 1, 1, 1),
('2018-06-09', 2, 2, 7, 26005, 2),
('2018-06-09', 2, 4, 7, 1, 1),
('2018-06-10', 2, 1, 1, 353, 2),
('2018-06-10', 2, 2, 1, 4, 1),
('2018-06-10', 2, 3, 1, 0, 2),
('2018-06-10', 2, 4, 1, 6, 6),
('2018-06-10', 2, 2, 7, 19892, 2),
('2018-06-10', 3, 2, 5, 4, 1),
('2018-06-10', 3, 4, 5, 1, 1),
('2018-06-15', 2, 4, 3, 3, 5),
('2018-06-15', 3, 4, 1, 3, 5),
('2018-06-18', 2, 1, 7, 253, 1),
('2018-06-18', 2, 2, 7, 7612, 1),
('2018-06-18', 2, 3, 7, 0, 1),
('2018-06-18', 2, 4, 7, 1, 1),
('2018-06-24', 2, 4, 7, 1, 1),
('2018-06-24', 2, 4, 8, 4, 8),
('2018-06-24', 3, 4, 3, 4, 8),
('2018-06-26', 2, 4, 6, 1, 1),
('2018-06-26', 2, 2, 8, 887, 1),
('2018-06-26', 2, 4, 8, 1, 1),
('2018-06-26', 3, 2, 3, 887, 1),
('2018-06-26', 3, 4, 3, 2, 2),
('2018-06-27', 2, 4, 3, 1, 1),
('2018-06-27', 2, 1, 7, 110, 1),
('2018-06-27', 2, 3, 7, 0, 1),
('2018-06-27', 2, 2, 8, 4176, 1),
('2018-06-27', 2, 4, 8, 6, 6),
('2018-06-27', 3, 2, 2, 4176, 1),
('2018-06-27', 3, 4, 2, 4, 4),
('2018-06-27', 3, 1, 3, 110, 1),
('2018-06-27', 3, 3, 3, 0, 1),
('2018-06-27', 3, 4, 3, 3, 3),
('2018-06-28', 2, 4, 3, 1, 1),
('2018-06-28', 2, 2, 7, 29, 2),
('2018-06-28', 2, 4, 7, 5, 5),
('2018-06-28', 2, 2, 8, 2590, 1),
('2018-06-28', 2, 4, 8, 1, 1),
('2018-06-28', 3, 2, 2, 2606, 2),
('2018-06-28', 3, 4, 2, 2, 2),
('2018-06-30', 2, 4, 3, 3, 3),
('2018-06-30', 2, 1, 7, 9, 2),
('2018-06-30', 2, 2, 7, 1973, 3),
('2018-06-30', 2, 3, 7, 0, 2),
('2018-06-30', 2, 4, 8, 4, 4),
('2018-06-30', 3, 1, 1, 8, 1),
('2018-06-30', 3, 2, 1, 8, 1),
('2018-06-30', 3, 3, 1, 0, 1),
('2018-06-30', 3, 4, 1, 4, 4),
('2018-06-30', 3, 1, 2, 1, 1),
('2018-06-30', 3, 2, 2, 1956, 1),
('2018-06-30', 3, 3, 2, 0, 1),
('2018-06-30', 3, 4, 2, 3, 3),
('2018-07-01', 2, 2, 7, 4, 2),
('2018-07-01', 2, 1, 8, 1, 2),
('2018-07-01', 2, 2, 8, 1, 2),
('2018-07-01', 2, 3, 8, 1, 2),
('2018-07-01', 2, 4, 8, 4, 6),
('2018-07-01', 3, 1, 2, 1, 2),
('2018-07-01', 3, 2, 2, 5, 4),
('2018-07-01', 3, 3, 2, 1, 2),
('2018-07-01', 3, 4, 2, 4, 6),
('2018-07-02', 2, 1, 7, 1, 1),
('2018-07-02', 2, 3, 7, 0, 1),
('2018-07-02', 2, 2, 8, 4, 3),
('2018-07-02', 2, 4, 8, 3, 3),
('2018-07-02', 3, 2, 2, 4, 3),
('2018-07-02', 3, 4, 2, 3, 3);

-- --------------------------------------------------------

--
-- Структура таблицы `memberships`
--

CREATE TABLE `memberships` (
  `id` int(10) UNSIGNED NOT NULL,
  `user_id` int(10) UNSIGNED NOT NULL,
  `team_id` int(10) UNSIGNED NOT NULL,
  `admin` tinyint(1) NOT NULL DEFAULT '0',
  `created_at` timestamp NULL DEFAULT NULL,
  `updated_at` timestamp NULL DEFAULT NULL
) ENGINE=InnoDB DEFAULT CHARSET=utf8mb4 COLLATE=utf8mb4_unicode_ci;

--
-- Дамп данных таблицы `memberships`
--

INSERT INTO `memberships` (`id`, `user_id`, `team_id`, `admin`, `created_at`, `updated_at`) VALUES
(1, 3, 1, 0, NULL, NULL),
(7, 8, 2, 0, NULL, NULL),
(10, 8, 3, 0, '2018-06-23 12:25:23', '2018-06-23 12:25:23'),
(11, 8, 8, 0, '2018-07-01 10:24:38', '2018-07-01 10:24:38');

-- --------------------------------------------------------

--
-- Структура таблицы `migrations`
--

CREATE TABLE `migrations` (
  `id` int(10) UNSIGNED NOT NULL,
  `migration` varchar(191) COLLATE utf8mb4_unicode_ci NOT NULL,
  `batch` int(11) NOT NULL
) ENGINE=InnoDB DEFAULT CHARSET=utf8mb4 COLLATE=utf8mb4_unicode_ci;

--
-- Дамп данных таблицы `migrations`
--

INSERT INTO `migrations` (`id`, `migration`, `batch`) VALUES
(39, '2014_10_12_000000_create_users_table', 1),
(40, '2014_10_12_100000_create_password_resets_table', 1),
(41, '2017_08_03_123339_create_tickets_table', 1),
(42, '2017_08_03_125106_create_tags_table', 1),
(43, '2017_08_03_131508_create_comments_table', 1),
(44, '2017_08_03_133638_create_teams_table', 1),
(45, '2017_08_03_133910_create_memberships_table', 1),
(46, '2017_08_04_125151_create_requester_table', 1),
(47, '2017_08_09_125623_create_kpis_table', 1),
(48, '2017_08_11_084301_create_leads_table', 1),
(49, '2017_08_11_101207_create_lead_status_updates_table', 1),
(50, '2017_08_16_105904_create_settings_table', 1),
(51, '2017_08_17_143319_create_merged_tickets_table', 1),
(52, '2017_08_17_162755_create_tasks_table', 1),
(53, '2017_08_18_111900_create_user_settings_table', 1),
(54, '2017_08_21_102217_create_attachments_table', 1),
(55, '2017_09_20_135310_create_ticket_events_table', 1),
(56, '2017_11_02_165749_create_ideas_table', 1),
(57, '2018_03_22_160928_create_failed_jobs_table', 1);

-- --------------------------------------------------------

--
-- Структура таблицы `news`
--

CREATE TABLE `news` (
  `id` int(10) NOT NULL,
  `title` varchar(100) NOT NULL,
  `body` text NOT NULL,
  `display` tinyint(1) DEFAULT NULL,
  `created_at` timestamp NULL DEFAULT NULL,
  `updated_at` timestamp NULL DEFAULT NULL
) ENGINE=InnoDB DEFAULT CHARSET=utf8;

--
-- Дамп данных таблицы `news`
--

INSERT INTO `news` (`id`, `title`, `body`, `display`, `created_at`, `updated_at`) VALUES
(3, 'Доступ к ИСС', 'Уважаемые пользователи! Если Вам необходим доступ к ИСС, Галактике или другой информационной системе,\r\nсодержащей персональные данные, необходимо написать служебную записку на имя первого проректора!', 1, '2018-05-30 07:12:06', '2018-06-21 14:24:10'),
(5, 'Выдача паролей', 'Выдача паролей от учётных записей до 31 мая!', NULL, '2018-06-01 12:27:37', '2018-06-25 03:33:30'),
(6, 'Выдача компьютеров', 'Подойти и получить новые компьютеры', 1, '2018-06-28 06:22:04', '2018-07-02 02:02:52');

-- --------------------------------------------------------

--
-- Структура таблицы `ratings`
--

CREATE TABLE `ratings` (
  `id` int(10) NOT NULL,
  `requester_id` int(10) NOT NULL,
  `ticket_id` int(10) NOT NULL,
  `rating` int(10) NOT NULL,
  `created_at` timestamp NULL DEFAULT NULL,
  `updated_at` timestamp NULL DEFAULT NULL
) ENGINE=InnoDB DEFAULT CHARSET=utf8;

--
-- Дамп данных таблицы `ratings`
--

INSERT INTO `ratings` (`id`, `requester_id`, `ticket_id`, `rating`, `created_at`, `updated_at`) VALUES
(9, 6, 12, 5, '2018-06-24 11:00:40', '2018-06-24 11:00:40'),
(10, 6, 1, 5, '2018-06-24 11:01:03', '2018-06-24 11:01:03'),
(11, 6, 2, 3, '2018-06-24 11:35:39', '2018-06-24 11:35:39'),
(12, 6, 15, 4, '2018-06-24 15:47:19', '2018-06-24 15:47:19'),
(13, 6, 14, 5, '2018-06-25 03:35:17', '2018-06-25 03:35:17'),
(14, 6, 26, 4, '2018-06-28 06:18:42', '2018-06-28 06:18:42'),
(15, 6, 19, 4, '2018-06-30 01:27:38', '2018-06-30 01:27:38'),
(16, 6, 22, 5, '2018-06-30 01:27:44', '2018-06-30 01:27:44'),
(17, 6, 23, 3, '2018-06-30 01:27:52', '2018-06-30 01:27:52'),
(18, 6, 25, 4, '2018-06-30 01:27:57', '2018-06-30 01:27:57'),
(19, 6, 21, 5, '2018-06-30 01:28:02', '2018-06-30 01:28:02'),
(20, 6, 18, 5, '2018-06-30 01:28:11', '2018-06-30 01:28:11'),
(21, 6, 27, 3, '2018-06-30 01:57:38', '2018-06-30 01:57:38'),
(22, 6, 28, 2, '2018-06-30 01:57:44', '2018-06-30 01:57:44'),
(23, 6, 33, 5, '2018-07-01 10:14:14', '2018-07-01 10:14:14'),
(24, 6, 34, 4, '2018-07-01 10:25:10', '2018-07-01 10:25:10'),
(25, 6, 35, 5, '2018-07-01 11:43:48', '2018-07-01 11:43:48'),
(26, 6, 37, 5, '2018-07-01 23:31:11', '2018-07-01 23:31:11'),
(27, 6, 36, 4, '2018-07-01 23:34:48', '2018-07-01 23:34:48'),
(28, 6, 32, 5, '2018-07-01 23:34:54', '2018-07-01 23:34:54'),
(29, 6, 30, 5, '2018-07-01 23:35:24', '2018-07-01 23:35:24'),
(30, 6, 38, 5, '2018-07-02 02:02:03', '2018-07-02 02:02:03');

-- --------------------------------------------------------

--
-- Структура таблицы `teams`
--

CREATE TABLE `teams` (
  `id` int(10) UNSIGNED NOT NULL,
  `name` varchar(191) COLLATE utf8mb4_unicode_ci NOT NULL,
  `email` varchar(191) COLLATE utf8mb4_unicode_ci DEFAULT NULL,
  `phone` varchar(191) COLLATE utf8mb4_unicode_ci DEFAULT NULL,
  `token` varchar(24) COLLATE utf8mb4_unicode_ci NOT NULL,
  `created_at` timestamp NULL DEFAULT NULL,
  `updated_at` timestamp NULL DEFAULT NULL
) ENGINE=InnoDB DEFAULT CHARSET=utf8mb4 COLLATE=utf8mb4_unicode_ci;

--
-- Дамп данных таблицы `teams`
--

INSERT INTO `teams` (`id`, `name`, `email`, `phone`, `token`, `created_at`, `updated_at`) VALUES
(1, 'Отдел поддержки пользователей', 'k_petunin@ugrasu.ru', '6363', 'suC4aH0zxJHh7mgGX9aoRw8H', '2018-04-20 09:22:57', '2018-06-28 06:45:51'),
(2, 'Учебно-производственный центр информационных технологий', 'dvk@ugrasu.ru', '539', 'SAJ0q0igwwoHgvHP3HtAjLBE', '2018-04-20 09:23:04', '2018-05-19 05:50:03');

-- --------------------------------------------------------

--
-- Структура таблицы `tickets`
--

CREATE TABLE `tickets` (
  `id` int(10) UNSIGNED NOT NULL,
  `title` varchar(191) COLLATE utf8mb4_unicode_ci NOT NULL,
  `body` text COLLATE utf8mb4_unicode_ci NOT NULL,
  `public_token` varchar(24) COLLATE utf8mb4_unicode_ci NOT NULL,
  `requester_id` int(10) UNSIGNED NOT NULL,
  `ticket_type_id` int(10) DEFAULT NULL,
  `team_id` int(10) UNSIGNED DEFAULT NULL,
  `user_id` int(10) UNSIGNED DEFAULT NULL,
  `status` tinyint(4) NOT NULL DEFAULT '1',
  `priority` tinyint(4) NOT NULL DEFAULT '2',
  `level` tinyint(4) NOT NULL DEFAULT '0',
  `created_at` timestamp NULL DEFAULT NULL,
  `updated_at` timestamp NULL DEFAULT NULL,
  `deleted_at` timestamp NULL DEFAULT NULL
) ENGINE=InnoDB DEFAULT CHARSET=utf8mb4 COLLATE=utf8mb4_unicode_ci;

--
-- Дамп данных таблицы `tickets`
--

INSERT INTO `tickets` (`id`, `title`, `body`, `public_token`, `requester_id`, `ticket_type_id`, `team_id`, `user_id`, `status`, `priority`, `level`, `created_at`, `updated_at`, `deleted_at`) VALUES
(1, 'Ремонт и сервисное обслуживание офисной техники', 'МФУ; HP; D658; 5269842365978; ; Печатает с полосами.', 'hEJD93iWddVeg33p2n7kvjFO', 6, 4, NULL, NULL, 4, 2, 0, '2018-06-18 06:23:47', '2018-06-24 11:35:20', NULL),
(2, 'Мультимедийное сопровождение', 'Ноутбук; 03.06.2018; с 10:00 до 15:00', 'dqVCXBEgWjIva6c62mEa6vVV', 6, 6, NULL, 7, 4, 2, 0, '2018-06-18 06:27:04', '2018-06-23 13:19:49', NULL),
(4, 'Регистрация пользователей в сети', 'Mineev; qwe123', '7bWZqnJkw5RhThnubUgi8OLA', 7, 5, NULL, 7, 5, 2, 0, '2018-06-18 06:44:46', '2018-06-24 15:46:34', NULL),
(12, 'Мультимедийное сопровождение', 'Проектор; 25.06.2018; 14:00 - 16:00', 'BqvpxqOZEP0ue7FG5AyaAsOX', 6, 6, 3, 8, 4, 2, 0, '2018-06-24 04:13:02', '2018-06-24 15:46:04', NULL),
(13, 'Произвольная форма', 'Не работает сеть', '4k3d1F0bfc589hxnFDSQsyqt', 6, 1, 3, 8, 5, 2, 0, '2018-06-24 04:16:32', '2018-06-24 04:35:05', NULL),
(14, 'Произвольная форма', 'Проверка', 'Rj5LmagleKrjveDfHwNFSwQv', 6, 1, NULL, NULL, 4, 2, 0, '2018-06-24 13:03:02', '2018-06-24 13:03:15', NULL),
(15, 'Мультимедийное сопровождение', 'Проектор; Проектор; Проектор', 'Hstablw8c3jpH3fmmqaww49t', 6, 6, NULL, 7, 4, 2, 0, '2018-06-24 13:13:01', '2018-06-24 15:47:13', NULL),
(18, 'Произвольная форма', 'Тест', 'kqONEWqaN4WANvGJG9lpPbGh', 6, 1, 3, 8, 4, 2, 0, '2018-06-26 10:48:29', '2018-06-27 01:36:10', NULL),
(19, 'Произвольная форма', '1', 'ndK0i4ECNN73lvwkpxD1cEtU', 6, 1, NULL, NULL, 4, 2, 0, '2018-06-27 00:58:52', '2018-06-27 01:11:44', NULL),
(20, 'Произвольная форма', 'Xnj-nj', 'IHaSSWs4DfQJKjfbM4RBy8vj', 6, 1, 3, 3, 5, 2, 0, '2018-06-27 01:29:43', '2018-06-27 07:43:45', NULL),
(21, 'Произвольная форма', 'f', 'fzXlUG6BQG3bkj1uhtennAbf', 6, 1, 2, 8, 4, 2, 0, '2018-06-27 03:51:18', '2018-06-30 01:27:24', NULL),
(22, 'Произвольная форма', 'Тестирование', 'ekYHrNwG0kQY1Qan3BkdwZuu', 6, 1, NULL, 7, 4, 2, 0, '2018-06-28 06:11:26', '2018-06-28 06:24:35', NULL),
(23, 'Произвольная форма', 'Тестирование', 'nqdzUoctFl3lVg0Km82iY68l', 6, 1, 2, 3, 4, 2, 0, '2018-06-28 06:11:39', '2018-06-28 06:27:58', NULL),
(24, 'Произвольная форма', 'тест', 'kxgXsOiNyTXQgQGH11nYnuvB', 6, 1, NULL, 7, 5, 2, 0, '2018-06-28 06:12:38', '2018-06-28 06:24:25', NULL),
(25, 'Произвольная форма', 'тип', 'Ig3SiXJlGJpOITqquz03C30G', 6, 1, 2, 8, 4, 2, 0, '2018-06-28 06:16:41', '2018-06-30 01:27:07', NULL),
(26, 'Произвольная форма', 'тест', '5PZP3W2oiGWkrxvAO3RRgMNm', 6, 1, NULL, NULL, 4, 2, 0, '2018-06-28 06:17:42', '2018-06-28 06:18:29', NULL),
(27, 'Произвольная форма', 'ммм', '5lXXqn0kAKozOdSW8pe99Gyd', 6, 1, NULL, 7, 4, 2, 0, '2018-06-30 01:19:20', '2018-06-30 01:28:56', NULL),
(28, 'Произвольная форма', 'а', 'qKzXXXD3GRn5jyy45PG9nHr6', 7, 1, 1, 3, 4, 2, 0, '2018-06-30 01:20:19', '2018-06-30 01:28:50', NULL),
(29, 'Произвольная форма', 'f', 'ZCfSfJANsTTzlsJ8HpDUv1R4', 6, NULL, 2, 8, 5, 2, 0, '2018-06-30 02:51:31', '2018-07-01 23:26:31', NULL),
(30, 'Произвольная форма', 'Ничего не работает', 'mJDcK1FdRsYZXZ5Uj4FvwVqv', 6, NULL, NULL, NULL, 4, 2, 0, '2018-06-30 03:03:31', '2018-07-01 23:35:16', NULL),
(31, 'Заправка картриджа', 'Проектор; Асус; А123; 1256635; 51218566', 'CuoeBBi1bp7jH1q3fvqvg6v2', 6, NULL, 1, 8, 5, 2, 0, '2018-06-30 03:04:34', '2018-07-01 23:34:33', NULL),
(32, 'Регистрация пользователей в сети', 'Alekseev; V56781', 'i2h6vm5b3Rid3MjVO9uVoA9e', 6, NULL, 2, 8, 4, 2, 0, '2018-06-30 03:05:02', '2018-07-01 11:41:40', NULL),
(33, 'Произвольная форма', 'Нет доступа к сетевой папке!', 'hjVwvaUxzJV2BWq8j5KSi7DR', 6, NULL, 2, 8, 4, 2, 0, '2018-07-01 10:12:05', '2018-07-01 10:14:43', NULL),
(34, 'Произвольная форма', 'Не работает проектор', 'yzCaPcUGeEHJTkrqqYdgNLD7', 6, NULL, 2, 8, 4, 2, 0, '2018-07-01 10:20:47', '2018-07-01 10:23:28', NULL),
(35, 'Произвольная форма', 'Тест', 'y6HsBYbYrC1xHQVyMvcSGkgL', 6, NULL, 2, 8, 4, 2, 0, '2018-07-01 11:40:07', '2018-07-01 11:41:05', NULL),
(36, 'Произвольная форма', 'Тест', '5TfZY7m0SgTk1gTKafNeihhR', 6, NULL, 2, 8, 4, 2, 0, '2018-07-01 23:22:59', '2018-07-01 23:26:37', NULL),
(37, 'Произвольная форма', 'Тест', 'KvwQmvEjTM3JW6Ccii2J1AtR', 6, NULL, 2, 8, 4, 2, 0, '2018-07-01 23:29:34', '2018-07-01 23:30:42', NULL),
(38, 'Произвольная форма', 'тест', '5x8m4k8lyOzHAUMcmWZ5uBGm', 6, NULL, 2, 8, 4, 2, 0, '2018-07-02 02:00:43', '2018-07-02 02:01:31', NULL);

-- --------------------------------------------------------

--
-- Структура таблицы `ticket_events`
--

CREATE TABLE `ticket_events` (
  `id` int(10) UNSIGNED NOT NULL,
  `ticket_id` int(10) UNSIGNED NOT NULL,
  `user_id` int(10) UNSIGNED DEFAULT NULL,
  `body` varchar(191) COLLATE utf8mb4_unicode_ci NOT NULL,
  `created_at` timestamp NULL DEFAULT NULL,
  `updated_at` timestamp NULL DEFAULT NULL
) ENGINE=InnoDB DEFAULT CHARSET=utf8mb4 COLLATE=utf8mb4_unicode_ci;

--
-- Дамп данных таблицы `ticket_events`
--

INSERT INTO `ticket_events` (`id`, `ticket_id`, `user_id`, `body`, `created_at`, `updated_at`) VALUES
(1, 2, 7, 'Статус обновлен: заявка ожидает', '2018-06-18 06:38:57', '2018-06-18 06:38:57'),
(2, 3, 7, 'Статус обновлен: заявка решена', '2018-06-18 06:39:57', '2018-06-18 06:39:57'),
(3, 4, 7, 'Статус обновлен: заявка ожидает', '2018-06-18 06:44:46', '2018-06-18 06:44:46'),
(4, 10, 6, 'Статус обновлен: заявка решена', '2018-06-18 07:05:28', '2018-06-18 07:05:28'),
(5, 10, 7, 'Статус обновлен: заявка решена', '2018-06-18 11:26:57', '2018-06-18 11:26:57'),
(6, 9, 7, 'Статус обновлен: заявка решена', '2018-06-18 11:26:57', '2018-06-18 11:26:57'),
(7, 11, 7, 'Статус обновлен: заявка решена', '2018-06-18 13:55:11', '2018-06-18 13:55:11'),
(8, 11, 7, 'Статус обновлен: заявка решена', '2018-06-18 13:55:44', '2018-06-18 13:55:44'),
(9, 8, 7, 'Срочная заявка', '2018-06-21 13:19:32', '2018-06-21 13:19:32'),
(10, 7, 7, 'Статус обновлен: заявка решена', '2018-06-23 02:00:41', '2018-06-23 02:00:41'),
(11, 5, 7, 'Статус обновлен: заявка решена', '2018-06-23 02:00:45', '2018-06-23 02:00:45'),
(12, 2, 7, 'Статус обновлен: заявка решена', '2018-06-23 13:19:49', '2018-06-23 13:19:49'),
(13, 12, 6, 'Статус обновлен: заявка решена', '2018-06-24 04:13:02', '2018-06-24 04:13:02'),
(14, 12, 7, 'Assigned to agent: Чернавский', '2018-06-24 04:14:13', '2018-06-24 04:14:13'),
(15, 12, 7, 'Assigned to team: Тест', '2018-06-24 04:14:21', '2018-06-24 04:14:21'),
(16, 12, 7, 'Assigned to team: Тест', '2018-06-24 04:14:54', '2018-06-24 04:14:54'),
(17, 12, 7, 'Assigned to team: Тест', '2018-06-24 04:15:06', '2018-06-24 04:15:06'),
(18, 13, 6, 'Статус обновлен: заявка решена', '2018-06-24 04:16:32', '2018-06-24 04:16:32'),
(19, 13, 7, 'Assigned to team: Тест', '2018-06-24 04:16:56', '2018-06-24 04:16:56'),
(20, 13, 8, 'Статус обновлен: заявка решена', '2018-06-24 04:35:05', '2018-06-24 04:35:05'),
(21, 12, 6, 'Статус обновлен: заявка решена', '2018-06-24 08:59:54', '2018-06-24 08:59:54'),
(22, 1, 6, 'Статус обновлен: заявка решена', '2018-06-24 10:33:30', '2018-06-24 10:33:30'),
(23, 1, 6, 'Статус обновлен: заявка решена', '2018-06-24 10:33:47', '2018-06-24 10:33:47'),
(24, 1, 6, 'Статус обновлен: заявка решена', '2018-06-24 10:34:16', '2018-06-24 10:34:16'),
(25, 1, 6, 'Статус обновлен: заявка решена', '2018-06-24 10:42:58', '2018-06-24 10:42:58'),
(26, 12, 6, 'Статус обновлен: заявка решена', '2018-06-24 10:43:55', '2018-06-24 10:43:55'),
(27, 12, 6, 'Статус обновлен: заявка решена', '2018-06-24 10:45:14', '2018-06-24 10:45:14'),
(28, 12, 6, 'Статус обновлен: заявка решена', '2018-06-24 11:00:47', '2018-06-24 11:00:47'),
(29, 12, 6, 'Статус обновлен: заявка решена', '2018-06-24 11:00:50', '2018-06-24 11:00:50'),
(30, 1, 6, 'Статус обновлен: заявка решена', '2018-06-24 11:00:58', '2018-06-24 11:00:58'),
(31, 1, 6, 'Статус обновлен: заявка решена', '2018-06-24 11:35:13', '2018-06-24 11:35:13'),
(32, 1, 6, 'Статус обновлен: заявка решена', '2018-06-24 11:35:20', '2018-06-24 11:35:20'),
(33, 14, 6, 'Статус обновлен: заявка решена', '2018-06-24 13:03:02', '2018-06-24 13:03:02'),
(34, 14, 6, 'Статус обновлен: заявка решена', '2018-06-24 13:03:15', '2018-06-24 13:03:15'),
(35, 15, 6, 'Статус обновлен: заявка решена', '2018-06-24 13:13:01', '2018-06-24 13:13:01'),
(36, 12, 7, 'Статус обновлен: заявка решена', '2018-06-24 15:45:52', '2018-06-24 15:45:52'),
(37, 12, 6, 'Статус обновлен: заявка решена', '2018-06-24 15:46:04', '2018-06-24 15:46:04'),
(38, 4, 7, 'Статус обновлен: заявка решена', '2018-06-24 15:46:34', '2018-06-24 15:46:34'),
(39, 15, 6, 'Статус обновлен: заявка решена', '2018-06-24 15:47:13', '2018-06-24 15:47:13'),
(40, 16, 6, 'Статус обновлен: заявка решена', '2018-06-26 02:59:30', '2018-06-26 02:59:30'),
(41, 16, 6, 'Статус обновлен: заявка решена', '2018-06-26 03:22:17', '2018-06-26 03:22:17'),
(42, 17, 6, 'Статус обновлен: заявка решена', '2018-06-26 03:57:24', '2018-06-26 03:57:24'),
(43, 17, 7, 'Assigned to team: Тест', '2018-06-26 03:57:42', '2018-06-26 03:57:42'),
(44, 17, 7, 'Assigned to agent: ИСЫПОВА ЕКАТЕРИНА СЕРГЕЕВНА', '2018-06-26 03:57:42', '2018-06-26 03:57:42'),
(45, 17, 6, 'Статус обновлен: заявка ожидает', '2018-06-26 04:01:50', '2018-06-26 04:01:50'),
(46, 16, 6, 'Статус обновлен: заявка решена', '2018-06-26 07:08:09', '2018-06-26 07:08:09'),
(47, 18, 6, 'Статус обновлен: заявка решена', '2018-06-26 10:48:29', '2018-06-26 10:48:29'),
(48, 19, 6, 'Статус обновлен: заявка решена', '2018-06-27 00:58:52', '2018-06-27 00:58:52'),
(49, 19, 6, 'Статус обновлен: заявка решена', '2018-06-27 01:11:44', '2018-06-27 01:11:44'),
(50, 18, 7, 'Assigned to team: Тест', '2018-06-27 01:24:20', '2018-06-27 01:24:20'),
(51, 18, 7, 'Assigned to agent: Чернавский', '2018-06-27 01:24:20', '2018-06-27 01:24:20'),
(52, 18, 8, 'Срочная заявка', '2018-06-27 01:25:38', '2018-06-27 01:25:38'),
(53, 18, 8, 'Срочность снята', '2018-06-27 01:27:01', '2018-06-27 01:27:01'),
(54, 18, 8, 'Срочная заявка', '2018-06-27 01:27:13', '2018-06-27 01:27:13'),
(55, 20, 6, 'Статус обновлен: заявка решена', '2018-06-27 01:29:43', '2018-06-27 01:29:43'),
(56, 20, 7, 'Assigned to team: Тест', '2018-06-27 01:29:57', '2018-06-27 01:29:57'),
(57, 18, 8, 'Срочность снята', '2018-06-27 01:36:06', '2018-06-27 01:36:06'),
(58, 18, 8, 'Статус обновлен: заявка решена', '2018-06-27 01:36:10', '2018-06-27 01:36:10'),
(59, 20, 8, 'Назначение исполнителя: Чернавский', '2018-06-27 01:43:10', '2018-06-27 01:43:10'),
(60, 20, 8, 'Срочная заявка', '2018-06-27 01:58:37', '2018-06-27 01:58:37'),
(61, 20, 8, 'Срочность снята', '2018-06-27 02:00:01', '2018-06-27 02:00:01'),
(62, 21, 6, 'Статус обновлен: заявка решена', '2018-06-27 03:51:18', '2018-06-27 03:51:18'),
(63, 20, 8, 'Статус обновлен: заявка решена', '2018-06-27 07:43:45', '2018-06-27 07:43:45'),
(64, 22, 6, 'Статус обновлен: заявка решена', '2018-06-28 06:11:26', '2018-06-28 06:11:26'),
(65, 23, 6, 'Статус обновлен: заявка решена', '2018-06-28 06:11:39', '2018-06-28 06:11:39'),
(66, 24, 6, 'Статус обновлен: заявка решена', '2018-06-28 06:12:38', '2018-06-28 06:12:38'),
(67, 25, 6, 'Статус обновлен: заявка решена', '2018-06-28 06:16:41', '2018-06-28 06:16:41'),
(68, 26, 6, 'Статус обновлен: заявка решена', '2018-06-28 06:17:42', '2018-06-28 06:17:42'),
(69, 26, 6, 'Статус обновлен: заявка решена', '2018-06-28 06:18:29', '2018-06-28 06:18:29'),
(70, 25, 7, 'Статус обновлен: заявка ожидает', '2018-06-28 06:24:15', '2018-06-28 06:24:15'),
(71, 24, 7, 'Статус обновлен: заявка решена', '2018-06-28 06:24:25', '2018-06-28 06:24:25'),
(72, 22, 7, 'Статус обновлен: заявка решена', '2018-06-28 06:24:35', '2018-06-28 06:24:35'),
(73, 23, 7, 'Статус обновлен: заявка решена', '2018-06-28 06:27:58', '2018-06-28 06:27:58'),
(74, 25, 7, 'Срочная заявка', '2018-06-28 06:43:24', '2018-06-28 06:43:24'),
(75, 25, 7, 'Срочность снята', '2018-06-28 06:44:13', '2018-06-28 06:44:13'),
(76, 25, 7, 'Срочная заявка', '2018-06-28 06:44:19', '2018-06-28 06:44:19'),
(77, 25, 7, 'Срочная заявка', '2018-06-28 06:44:23', '2018-06-28 06:44:23'),
(78, 25, 7, 'Срочность снята', '2018-06-28 06:44:36', '2018-06-28 06:44:36'),
(79, 21, 8, 'Срочная заявка', '2018-06-30 01:15:42', '2018-06-30 01:15:42'),
(80, 21, 8, 'Срочность снята', '2018-06-30 01:15:42', '2018-06-30 01:15:42'),
(81, 21, 8, 'Срочность снята', '2018-06-30 01:15:49', '2018-06-30 01:15:49'),
(82, 21, 8, 'Срочная заявка', '2018-06-30 01:15:52', '2018-06-30 01:15:52'),
(83, 21, 8, 'Срочность снята', '2018-06-30 01:17:41', '2018-06-30 01:17:41'),
(84, 27, 6, 'Статус обновлен: заявка решена', '2018-06-30 01:19:20', '2018-06-30 01:19:20'),
(85, 28, 7, 'Статус обновлен: заявка решена', '2018-06-30 01:20:19', '2018-06-30 01:20:19'),
(86, 28, 7, 'Назначение отдела: Отдел поддержки пользователей', '2018-06-30 01:26:00', '2018-06-30 01:26:00'),
(87, 28, 7, 'Назначение исполнителя: Исполнитель', '2018-06-30 01:26:00', '2018-06-30 01:26:00'),
(88, 25, 7, 'Назначение отдела: Учебно-производственный центр информационных технологий', '2018-06-30 01:26:36', '2018-06-30 01:26:36'),
(89, 25, 7, 'Назначение исполнителя: Чернавский', '2018-06-30 01:26:36', '2018-06-30 01:26:36'),
(90, 25, 8, 'Статус обновлен: заявка решена', '2018-06-30 01:27:07', '2018-06-30 01:27:07'),
(91, 21, 8, 'Статус обновлен: заявка решена', '2018-06-30 01:27:24', '2018-06-30 01:27:24'),
(92, 28, 7, 'Срочная заявка', '2018-06-30 01:28:31', '2018-06-30 01:28:31'),
(93, 28, 7, 'Срочность снята', '2018-06-30 01:28:31', '2018-06-30 01:28:31'),
(94, 28, 7, 'Срочность снята', '2018-06-30 01:28:39', '2018-06-30 01:28:39'),
(95, 28, 7, 'Статус обновлен: заявка решена', '2018-06-30 01:28:44', '2018-06-30 01:28:44'),
(96, 28, 7, 'Статус обновлен: заявка решена', '2018-06-30 01:28:50', '2018-06-30 01:28:50'),
(97, 27, 7, 'Статус обновлен: заявка решена', '2018-06-30 01:28:56', '2018-06-30 01:28:56'),
(98, 29, 6, 'Статус обновлен: заявка решена', '2018-06-30 02:51:31', '2018-06-30 02:51:31'),
(99, 29, 7, 'Назначение отдела: Учебно-производственный центр информационных технологий', '2018-06-30 02:51:43', '2018-06-30 02:51:43'),
(100, 29, 7, 'Назначение исполнителя: Чернавский', '2018-06-30 02:51:43', '2018-06-30 02:51:43'),
(101, 30, 6, 'Статус обновлен: заявка решена', '2018-06-30 03:03:31', '2018-06-30 03:03:31'),
(102, 31, 6, 'Статус обновлен: заявка решена', '2018-06-30 03:04:34', '2018-06-30 03:04:34'),
(103, 32, 6, 'Статус обновлен: заявка решена', '2018-06-30 03:05:02', '2018-06-30 03:05:02'),
(104, 33, 6, 'Статус обновлен: заявка решена', '2018-07-01 10:12:05', '2018-07-01 10:12:05'),
(105, 33, 7, 'Назначение отдела: Учебно-производственный центр информационных технологий', '2018-07-01 10:13:03', '2018-07-01 10:13:03'),
(106, 33, 7, 'Назначение исполнителя: Чернавский', '2018-07-01 10:13:03', '2018-07-01 10:13:03'),
(107, 33, 8, 'Статус обновлен: заявка решена', '2018-07-01 10:13:48', '2018-07-01 10:13:48'),
(108, 33, 6, 'Статус обновлен: заявка решена', '2018-07-01 10:14:22', '2018-07-01 10:14:22'),
(109, 33, 7, 'Статус обновлен: заявка решена', '2018-07-01 10:14:43', '2018-07-01 10:14:43'),
(110, 34, 6, 'Статус обновлен: заявка решена', '2018-07-01 10:20:47', '2018-07-01 10:20:47'),
(111, 34, 7, 'Назначение отдела: Учебно-производственный центр информационных технологий', '2018-07-01 10:21:37', '2018-07-01 10:21:37'),
(112, 34, 7, 'Назначение исполнителя: Чернавский', '2018-07-01 10:21:37', '2018-07-01 10:21:37'),
(113, 32, 7, 'Назначение исполнителя: Чернавский', '2018-07-01 10:21:53', '2018-07-01 10:21:53'),
(114, 34, 8, 'Статус обновлен: заявка ожидает', '2018-07-01 10:22:30', '2018-07-01 10:22:30'),
(115, 34, 7, 'Статус обновлен: заявка решена', '2018-07-01 10:23:28', '2018-07-01 10:23:28'),
(116, 35, 6, 'Статус обновлен: заявка решена', '2018-07-01 11:40:07', '2018-07-01 11:40:07'),
(117, 35, 7, 'Назначение отдела: Учебно-производственный центр информационных технологий', '2018-07-01 11:40:35', '2018-07-01 11:40:35'),
(118, 35, 7, 'Назначение исполнителя: Чернавский', '2018-07-01 11:40:35', '2018-07-01 11:40:35'),
(119, 35, 8, 'Статус обновлен: заявка решена', '2018-07-01 11:41:05', '2018-07-01 11:41:05'),
(120, 32, 7, 'Статус обновлен: заявка решена', '2018-07-01 11:41:40', '2018-07-01 11:41:40'),
(121, 36, 6, 'Статус обновлен: заявка решена', '2018-07-01 23:22:59', '2018-07-01 23:22:59'),
(122, 36, 7, 'Назначение отдела: Учебно-производственный центр информационных технологий', '2018-07-01 23:24:37', '2018-07-01 23:24:37'),
(123, 36, 7, 'Назначение исполнителя: Чернавский', '2018-07-01 23:24:37', '2018-07-01 23:24:37'),
(124, 29, 8, 'Статус обновлен: заявка решена', '2018-07-01 23:26:31', '2018-07-01 23:26:31'),
(125, 36, 8, 'Статус обновлен: заявка решена', '2018-07-01 23:26:37', '2018-07-01 23:26:37'),
(126, 37, 6, 'Статус обновлен: заявка решена', '2018-07-01 23:29:34', '2018-07-01 23:29:34'),
(127, 37, 7, 'Назначение отдела: Учебно-производственный центр информационных технологий', '2018-07-01 23:30:07', '2018-07-01 23:30:07'),
(128, 37, 8, 'Назначение исполнителя: Чернавский', '2018-07-01 23:30:26', '2018-07-01 23:30:26'),
(129, 37, 8, 'Статус обновлен: заявка решена', '2018-07-01 23:30:42', '2018-07-01 23:30:42'),
(130, 31, 7, 'Назначение исполнителя: Чернавский', '2018-07-01 23:33:20', '2018-07-01 23:33:20'),
(131, 31, 8, 'Статус обновлен: заявка решена', '2018-07-01 23:34:33', '2018-07-01 23:34:33'),
(132, 30, 6, 'Статус обновлен: заявка решена', '2018-07-01 23:35:16', '2018-07-01 23:35:16'),
(133, 38, 6, 'Статус обновлен: заявка решена', '2018-07-02 02:00:43', '2018-07-02 02:00:43'),
(134, 38, 7, 'Назначение отдела: Учебно-производственный центр информационных технологий', '2018-07-02 02:01:08', '2018-07-02 02:01:08'),
(135, 38, 7, 'Назначение исполнителя: Чернавский', '2018-07-02 02:01:08', '2018-07-02 02:01:08'),
(136, 38, 8, 'Статус обновлен: заявка решена', '2018-07-02 02:01:31', '2018-07-02 02:01:31');

-- --------------------------------------------------------

--
-- Структура таблицы `ticket_types`
--

CREATE TABLE `ticket_types` (
  `id` int(10) NOT NULL,
  `name` varchar(80) NOT NULL
) ENGINE=InnoDB DEFAULT CHARSET=utf8;

--
-- Дамп данных таблицы `ticket_types`
--

INSERT INTO `ticket_types` (`id`, `name`) VALUES
(1, 'Произвольная форма'),
(2, 'Заправка картриджа'),
(3, 'Ремонт и сервисное обслуживание компьютерной техники'),
(4, 'Ремонт и сервисное обслуживание офисной техники'),
(5, 'Регистрация пользователей в сети'),
(6, 'Мультимедийное сопровождение');

-- --------------------------------------------------------

--
-- Структура таблицы `users`
--

CREATE TABLE `users` (
  `id` int(10) UNSIGNED NOT NULL,
  `name` varchar(191) COLLATE utf8mb4_unicode_ci DEFAULT NULL,
  `email` varchar(191) COLLATE utf8mb4_unicode_ci NOT NULL,
  `cabinet` varchar(20) COLLATE utf8mb4_unicode_ci DEFAULT NULL,
  `phone` varchar(50) COLLATE utf8mb4_unicode_ci DEFAULT NULL,
  `position` varchar(191) COLLATE utf8mb4_unicode_ci DEFAULT NULL,
  `subdivision` varchar(191) COLLATE utf8mb4_unicode_ci DEFAULT NULL,
  `lead` varchar(191) COLLATE utf8mb4_unicode_ci DEFAULT NULL,
  `locale` varchar(8) COLLATE utf8mb4_unicode_ci NOT NULL DEFAULT 'en',
  `password` varchar(191) COLLATE utf8mb4_unicode_ci NOT NULL,
  `admin` tinyint(1) NOT NULL DEFAULT '0',
  `assistant` tinyint(1) NOT NULL DEFAULT '0',
  `remember_token` varchar(100) COLLATE utf8mb4_unicode_ci DEFAULT NULL,
  `created_at` timestamp NULL DEFAULT NULL,
  `updated_at` timestamp NULL DEFAULT NULL
) ENGINE=InnoDB DEFAULT CHARSET=utf8mb4 COLLATE=utf8mb4_unicode_ci;

--
-- Дамп данных таблицы `users`
--

INSERT INTO `users` (`id`, `name`, `email`, `cabinet`, `phone`, `position`, `subdivision`, `lead`, `locale`, `password`, `admin`, `assistant`, `remember_token`, `created_at`, `updated_at`) VALUES
(1, 'Администратор Администратович', 'admin@handesk.io', '111/1', '111-111', 'Администратор', 'Отдел начальников над администраторами', 'Начальник Начальникович', 'ru', '$2y$10$TA3Eg3A8OBI1BIVt0QEoT..fmNl1kuqoMLGPABULrugAZCyklqmI2', 1, 0, '8ahH3WfgSNja2vj80DTEDySQmHsL3gpyUFqRYY0KSRKSl25cR39JuDpJmkWC', '2018-04-18 04:17:39', '2018-07-01 10:24:30'),
(3, 'Исполнитель', 'assistant@handesk.io', NULL, NULL, NULL, NULL, NULL, 'ru', '$2y$10$WOJjeDipv30AtnHNAqigtOxEV160k8wPxVrmMnBmD.X9kXtRKuI4u', 0, 1, 'ui9jGyPhTszMjoL861q8upN572eektLJzOWp8q8AMisicvdpGnRnRtUDk2p7', '2018-05-17 07:50:43', '2018-05-17 07:52:43'),
(6, 'ИСЫПОВА ЕКАТЕРИНА СЕРГЕЕВНА', 'e_isypova@ugrasu.ru', '2/506 (529)', '357-734', 'Делопроизводитель', 'ИНСТИТУТ (НОЦ) ТЕХНИЧЕСКИХ СИСТЕМ И ИНФОРМАЦИОННЫХ ТЕХНОЛОГИЙ\\Кафедра систем обработки информации, моделирования и управления', 'Татьянкин Виталий Михайлович', 'ru', '$2y$10$W0KjkRY9JVAj.6.XQMdP2OEIQA2p0FQWOReQ2qkplJVYV/w0LLfpS', 0, 0, 'Xa4yDEUZ2cAiv4KatPu3kzD8phs1IJbnbIvzwMijr0Rv7DAZNY2wRmCxQ3F1', '2018-06-13 13:42:58', '2018-06-26 07:07:44'),
(7, 'Минеев Антон', 'A_mineev@ugrasu.ru', NULL, NULL, NULL, NULL, NULL, 'ru', '$2y$10$c86QF6vscWAjtG8fYkH9o.DfghKQz22Q1NvFOWsWgwdsfbE2ZKUFO', 1, 0, 'EgfAnXMt6OGGVvFGaABERv40CJRzwFiG6CggcMKiXJgbh2zfxCiF6StI0jYK', '2018-06-15 05:46:49', '2018-06-15 05:46:49'),
(8, 'Чернавский', 'a_chernavskiy@ugrasu.ru', NULL, NULL, NULL, NULL, NULL, 'ru', '$2y$10$ohEMCsjyD0AYZZ8vNt2jAuBk5T7ZYX7/05ZduycIVvDf.uKTWSgXe', 0, 1, '4O3T0sAH7HlPhzGW0sdRiLkVRMJZV8NfKeJZJwoEQJqgFf954N2Y8YN93L25', '2018-06-18 10:51:00', '2018-06-28 06:40:16');

--
-- Индексы сохранённых таблиц
--

--
-- Индексы таблицы `comments`
--
ALTER TABLE `comments`
  ADD PRIMARY KEY (`id`);

--
-- Индексы таблицы `kpis`
--
ALTER TABLE `kpis`
  ADD PRIMARY KEY (`date`,`type`,`relation_id`,`kpi`);

--
-- Индексы таблицы `memberships`
--
ALTER TABLE `memberships`
  ADD PRIMARY KEY (`id`);

--
-- Индексы таблицы `migrations`
--
ALTER TABLE `migrations`
  ADD PRIMARY KEY (`id`);

--
-- Индексы таблицы `news`
--
ALTER TABLE `news`
  ADD PRIMARY KEY (`id`);

--
-- Индексы таблицы `ratings`
--
ALTER TABLE `ratings`
  ADD PRIMARY KEY (`id`),
  ADD UNIQUE KEY `ticket_id` (`ticket_id`);

--
-- Индексы таблицы `teams`
--
ALTER TABLE `teams`
  ADD PRIMARY KEY (`id`);

--
-- Индексы таблицы `tickets`
--
ALTER TABLE `tickets`
  ADD PRIMARY KEY (`id`),
  ADD UNIQUE KEY `tickets_public_token_unique` (`public_token`);

--
-- Индексы таблицы `ticket_events`
--
ALTER TABLE `ticket_events`
  ADD PRIMARY KEY (`id`);

--
-- Индексы таблицы `ticket_types`
--
ALTER TABLE `ticket_types`
  ADD PRIMARY KEY (`id`);

--
-- Индексы таблицы `users`
--
ALTER TABLE `users`
  ADD PRIMARY KEY (`id`),
  ADD UNIQUE KEY `users_email_unique` (`email`);

--
-- AUTO_INCREMENT для сохранённых таблиц
--

--
-- AUTO_INCREMENT для таблицы `comments`
--
ALTER TABLE `comments`
  MODIFY `id` int(10) UNSIGNED NOT NULL AUTO_INCREMENT, AUTO_INCREMENT=42;

--
-- AUTO_INCREMENT для таблицы `memberships`
--
ALTER TABLE `memberships`
  MODIFY `id` int(10) UNSIGNED NOT NULL AUTO_INCREMENT, AUTO_INCREMENT=13;

--
-- AUTO_INCREMENT для таблицы `migrations`
--
ALTER TABLE `migrations`
  MODIFY `id` int(10) UNSIGNED NOT NULL AUTO_INCREMENT, AUTO_INCREMENT=58;

--
-- AUTO_INCREMENT для таблицы `news`
--
ALTER TABLE `news`
  MODIFY `id` int(10) NOT NULL AUTO_INCREMENT, AUTO_INCREMENT=11;

--
-- AUTO_INCREMENT для таблицы `ratings`
--
ALTER TABLE `ratings`
  MODIFY `id` int(10) NOT NULL AUTO_INCREMENT, AUTO_INCREMENT=31;

--
-- AUTO_INCREMENT для таблицы `teams`
--
ALTER TABLE `teams`
  MODIFY `id` int(10) UNSIGNED NOT NULL AUTO_INCREMENT, AUTO_INCREMENT=11;

--
-- AUTO_INCREMENT для таблицы `tickets`
--
ALTER TABLE `tickets`
  MODIFY `id` int(10) UNSIGNED NOT NULL AUTO_INCREMENT, AUTO_INCREMENT=39;

--
-- AUTO_INCREMENT для таблицы `ticket_events`
--
ALTER TABLE `ticket_events`
  MODIFY `id` int(10) UNSIGNED NOT NULL AUTO_INCREMENT, AUTO_INCREMENT=137;

--
-- AUTO_INCREMENT для таблицы `ticket_types`
--
ALTER TABLE `ticket_types`
  MODIFY `id` int(10) NOT NULL AUTO_INCREMENT, AUTO_INCREMENT=7;

--
-- AUTO_INCREMENT для таблицы `users`
--
ALTER TABLE `users`
  MODIFY `id` int(10) UNSIGNED NOT NULL AUTO_INCREMENT, AUTO_INCREMENT=9;
COMMIT;

/*!40101 SET CHARACTER_SET_CLIENT=@OLD_CHARACTER_SET_CLIENT */;
/*!40101 SET CHARACTER_SET_RESULTS=@OLD_CHARACTER_SET_RESULTS */;
/*!40101 SET COLLATION_CONNECTION=@OLD_COLLATION_CONNECTION */;
